,song_name,artist,player,date,api_ref
0,Birdsong - Eagles & Butterflies Remix,Claptone,2022-05-23T23:23:40.427Z,2022-05-23,1651620648069
1,Rain,Matteo Bruscagin,2022-05-23T23:19:06.127Z,2022-05-23,1651620648069
2,Aftertime,Tale Of Us,2022-05-23T22:59:04.310Z,2022-05-23,1651620648069
3,"Two Worlds, One Sun",Tale Of Us,2022-05-23T22:51:57.118Z,2022-05-23,1651620648069
4,Dark Knight,VNTM,2022-05-23T22:45:46.783Z,2022-05-23,1651620648069
5,Sentient,Anyma,2022-05-23T22:40:08.094Z,2022-05-23,1651620648069
6,Sentient,Anyma,2022-05-04T01:29:49.762Z,2022-05-04,1651620648069
7,Run Run Run - Adam Port Remix,Adam Port,2022-05-04T01:28:06.088Z,2022-05-04,1651620648069
8,Follow,Amelie Lens,2022-05-04T00:17:52.483Z,2022-05-04,1651620648069
9,Lightning Over Heaven,Amelie Lens,2022-05-04T00:12:39.180Z,2022-05-04,1651620648069
10,Running (feat. Meg Myers) - Edit,Anyma,2022-05-03T23:59:45.292Z,2022-05-03,1651620648069
11,Angel 1,Anyma,2022-05-03T23:56:46.150Z,2022-05-03,1651620648069
12,Sentient,Anyma,2022-05-03T23:50:59.195Z,2022-05-03,1651620648069
13,Omnia,Anyma,2022-05-03T23:46:24.736Z,2022-05-03,1651620648069
14,Running (feat. Meg Myers) - Edit,Anyma,2022-05-03T23:34:07.342Z,2022-05-03,1651620648069
15,Claire,Anyma,2022-05-03T23:30:48.069Z,2022-05-03,1651620648069
